x_m;y_m
9.7500;11.1000
9.7500;11.1000
9.7690;11.1063
9.8053;11.1174
9.8579;11.1304
9.9257;11.1421
10.0052;11.1617
10.0945;11.1903
10.1915;11.2287
10.2933;11.2799
10.3930;11.3511
10.4851;11.4432
10.5976;11.5218
10.7284;11.5809
10.8736;11.6150
11.0277;11.6196
11.1840;11.5914
11.3346;11.5290
11.4709;11.4332
11.5847;11.3069
11.6682;11.1554
11.7152;10.9861
11.7211;10.8081
11.6841;10.6316
11.6048;10.4675
11.4868;10.3263
11.3364;10.2175
11.1624;10.1488
10.9755;10.1255
10.7875;10.1502
10.6110;10.2220
10.4578;10.3370
10.3385;10.4879
10.2616;10.6650
10.2329;10.8567
10.2548;11.0499
10.3262;11.2314
10.4427;11.3884
10.5964;11.5099
10.7769;11.5871
10.9717;11.6145
11.1672;11.5898
11.3496;11.5144
11.5059;11.3936
11.6251;11.2356
11.6984;11.0516
11.7205;10.8546
11.6898;10.6586
11.6083;10.4775
11.4816;10.3244
11.3188;10.2102
11.1314;10.1433
10.9329;10.1284
10.7374;10.1668
10.5591;10.2557
10.4108;10.3889
10.3031;10.5567
10.2439;10.7471
10.2375;10.9465
10.2843;11.1405
10.3811;11.3151
10.5208;11.4577
10.6935;11.5579
10.8867;11.6086
11.0864;11.6060
11.2786;11.5513
11.4492;11.4474
11.5860;11.3018
11.6791;11.1249
11.7218;10.9297
11.7108;10.7301
11.6472;10.5407
11.5353;10.3750
11.3833;10.2452
11.2022;10.1605
11.0051;10.1271
10.8062;10.1475
10.6200;10.2201
10.4598;10.3397
10.3373;10.4978
10.2613;10.6827
10.2374;10.8812
10.2672;11.0790
10.3487;11.2616
10.4759;11.4159
10.6397;11.5307
10.8281;11.5977
11.0275;11.6120
11.2236;11.5727
11.4021;11.4826
11.5501;11.3481
11.6569;11.1790
11.7148;10.9876
11.7195;10.7876
11.6708;10.5937
11.5721;10.4197
11.4307;10.2783
11.2566;10.1798
11.0626;10.1312
10.8627;10.1361
10.6713;10.1942
10.5023;10.3011
10.3679;10.4492
10.2779;10.6278
10.2387;10.8239
10.2533;11.0234
10.3205;11.2118
10.4355;11.3754
10.5899;11.5025
10.7726;11.5838
10.9704;11.6134
11.1689;11.5893
11.3539;11.5131
11.5118;11.3903
11.6312;11.2300
11.7036;11.0435
11.7237;10.8445
11.6900;10.6474
11.6049;10.4664
11.4747;10.3146
11.3087;10.2030
11.1190;10.1397
10.9193;10.1293
10.7240;10.1724
10.5473;10.2661
10.4020;10.4035
10.2985;10.5747
10.2445;10.7673
10.2437;10.9673
10.2963;11.1602
10.3984;11.3322
10.5426;11.4707
10.7186;11.5658
10.9135;11.6105
11.1133;11.6016
11.3038;11.5407
11.4712;11.4313
11.6034;11.2812
11.6908;11.1013
11.7270;10.9046
11.7095;10.7053
11.6395;10.5180
11.5221;10.3561
11.3658;10.2313
11.1818;10.1527
10.9836;10.1261
10.7855;10.1532
10.6017;10.2321
10.4457;10.3572
10.3286;10.5194
10.2590;10.7069
10.2419;10.9061
10.2786;11.1028
10.3663;11.2825
10.4988;11.4323
10.6664;11.5414
10.8570;11.6019
11.0569;11.6093
11.2515;11.5632
11.4268;11.4669
11.5701;11.3273
11.6709;11.1546
11.7221;10.9613
11.7199;10.7613
11.6645;10.5692
11.5598;10.3987
11.4135;10.2624
11.2361;10.1700
11.0405;10.1282
10.8409;10.1400
10.6516;10.2047
10.4865;10.3175
10.3573;10.4702
10.2736;10.6518
10.2413;10.8492
10.2628;11.0480
10.3365;11.2340
10.4571;11.3935
10.6159;11.5151
10.8014;11.5900
11.0001;11.6127
11.1976;11.5816
11.3798;11.4990
11.5333;11.3708
11.6471;11.2064
11.7129;11.0175
11.7260;10.8179
11.6855;10.6221
11.5941;10.4442
11.4587;10.2970
11.2889;10.1913
11.0971;10.1346
10.8971;10.1312
10.7035;10.1812
10.5302;10.2810
10.3897;10.4234
10.2923;10.5981
10.2450;10.7924
10.2512;10.9923
10.3105;11.1833
10.4186;11.3516
10.5676;11.4850
10.7467;11.5738
10.9431;11.6117
11.1425;11.5959
11.3304;11.5274
11.4933;11.4114
11.6194;11.2561
11.6995;11.0728
11.7278;10.8748
11.7023;10.6765
11.6249;10.4921
11.5011;10.3350
11.3399;10.2166
11.1530;10.1454
10.9539;10.1267
10.7570;10.1617
10.5765;10.2479
10.4256;10.3792
10.3151;10.5459
10.2531;10.7360
10.2440;10.9358
10.2885;11.1308
10.3833;11.3069
10.5217;11.4513
10.6935;11.5536
10.8864;11.6064
11.0864;11.6058
11.2792;11.5524
11.4507;11.4495
11.5886;11.3046
11.6828;11.1282
11.7266;10.9331
11.7169;10.7333
11.6542;10.5434
11.5431;10.3771
11.3918;10.2464
11.2110;10.1607
11.0140;10.1264
10.8150;10.1458
10.6283;10.2176
10.4675;10.3365
10.3442;10.4940
10.2674;10.6787
10.2426;10.8771
10.2716;11.0750
10.3523;11.2580
10.4789;11.4129
10.6422;11.5284
10.8303;11.5962
11.0298;11.6114
11.2260;11.5728
11.4049;11.4834
11.5535;11.3495
11.6610;11.1808
11.7196;10.9896
11.7251;10.7897
11.6772;10.5955
11.5792;10.4212
11.4383;10.2792
11.2646;10.1800
11.0708;10.1307
10.8708;10.1348
10.6792;10.1921
10.5098;10.2984
10.3748;10.4460
10.2841;10.6242
10.2442;10.8202
10.2580;11.0197
10.3244;11.2084
10.4388;11.3724
10.5927;11.5001
10.7752;11.5821
10.9728;11.6125
11.1715;11.5891
11.3567;11.5136
11.5150;11.3915
11.6351;11.2316
11.7082;11.0454
11.7290;10.8465
11.6961;10.6492
11.6117;10.4679
11.4821;10.3156
11.3165;10.2034
11.1271;10.1393
10.9274;10.1281
10.7319;10.1706
10.5549;10.2636
10.4090;10.4004
10.3049;10.5712
10.2501;10.7636
10.2486;10.9636
10.3004;11.1567
10.4019;11.3291
10.5456;11.4682
10.7212;11.5639
10.9160;11.6093
11.1158;11.6012
11.3064;11.5406
11.4739;11.4314
11.6063;11.2814
11.6939;11.1016
11.7304;10.9050
11.7131;10.7057
11.6433;10.5183
11.5261;10.3562
11.3700;10.2313
11.1862;10.1525
10.9880;10.1255
10.7898;10.1524
10.6059;10.2311
10.4497;10.3560
10.3325;10.5180
10.2626;10.7054
10.2453;10.9047
10.2817;11.1013
10.3692;11.2812
10.5015;11.4312
10.6690;11.5405
10.8595;11.6012
11.0594;11.6089
11.2541;11.5630
11.4295;11.4669
11.5729;11.3275
11.6740;11.1550
11.7254;10.9617
11.7235;10.7617
11.6683;10.5695
11.5638;10.3989
11.4177;10.2624
11.2404;10.1697
11.0449;10.1277
10.8452;10.1393
10.6559;10.2037
10.4906;10.3163
10.3612;10.4689
10.2773;10.6504
10.2447;10.8477
10.2660;11.0466
10.3395;11.2326
10.4599;11.3923
10.6185;11.5141
10.8039;11.5892
11.0025;11.6122
11.2002;11.5814
11.3824;11.4990
11.5361;11.3710
11.6501;11.2067
11.7162;11.0179
11.7295;10.8183
11.6892;10.6224
11.5981;10.4444
11.4628;10.2971
11.2932;10.1911
11.1015;10.1342
10.9015;10.1305
10.7078;10.1803
10.5343;10.2799
10.3937;10.4221
10.2961;10.5966
10.2485;10.7909
10.2545;10.9908
10.3135;11.1819
10.4214;11.3503
10.5702;11.4839
10.7493;11.5730
10.9456;11.6111
11.1450;11.5955
11.3330;11.5273
11.4960;11.4115
11.6223;11.2564
11.7026;11.0732
11.7312;10.8752
11.7060;10.6768
11.6288;10.4923
11.5052;10.3351
11.3442;10.2165
11.1574;10.1451
10.9583;10.1261
10.7613;10.1609
10.5807;10.2469
10.4296;10.3779
10.3190;10.5445
10.2567;10.7345
10.2473;10.9343
10.2915;11.1294
10.3862;11.3056
10.5244;11.4502
10.6961;11.5527
10.8889;11.6057
11.0889;11.6054
11.2817;11.5520
11.4532;11.4492
11.5911;11.3043
11.6854;11.1279
11.7292;10.9328
11.7195;10.7330
11.6568;10.5431
11.5458;10.3767
11.3945;10.2460
11.2137;10.1603
11.0167;10.1259
10.8177;10.1453
10.6310;10.2171
10.4702;10.3360
10.3469;10.4935
10.2700;10.6781
10.2452;10.8766
10.2742;11.0745
10.3549;11.2575
10.4814;11.4124
10.6447;11.5279
10.8328;11.5957
11.0322;11.6109
11.2285;11.5724
11.4074;11.4830
11.5560;11.3491
11.6635;11.1805
11.7222;10.9893
11.7277;10.7894
11.6798;10.5952
11.5818;10.4208
11.4409;10.2789
11.2673;10.1796
11.0735;10.1303
10.8735;10.1344
10.6819;10.1916
10.5125;10.2979
10.3775;10.4455
10.2867;10.6237
10.2468;10.8197
10.2605;11.0192
10.3270;11.2078
10.4413;11.3719
10.5952;11.4996
10.7776;11.5817
10.9753;11.6121
11.1739;11.5887
11.3592;11.5133
11.5176;11.3912
11.6377;11.2312
11.7108;11.0451
11.7316;10.8462
11.6987;10.6489
11.6144;10.4675
11.4848;10.3152
11.3192;10.2030
11.1298;10.1389
10.9301;10.1277
10.7346;10.1701
10.5576;10.2631
10.4117;10.3999
10.3076;10.5707
10.2527;10.7630
10.2512;10.9630
10.3030;11.1562
10.4044;11.3286
10.5481;11.4677
10.7237;11.5634
10.9185;11.6089
11.1183;11.6008
11.3088;11.5400
11.4762;11.4305
11.6084;11.2804
11.6958;11.1005
11.7320;10.9038
11.7145;10.7046
11.6445;10.5172
11.5271;10.3553
11.3708;10.2305
11.1869;10.1520
10.9887;10.1253
10.7905;10.1524
10.6068;10.2313
10.4507;10.3564
10.3336;10.5185
10.2640;10.7060
10.2469;10.9053
10.2836;11.1019
10.3713;11.2816
10.5038;11.4315
10.6714;11.5406
10.8620;11.6011
11.0619;11.6085
11.2565;11.5624
11.4318;11.4661
11.5751;11.3266
11.6759;11.1539
11.7271;10.9606
11.7249;10.7606
11.6695;10.5684
11.5649;10.3980
11.4185;10.2616
11.2412;10.1692
11.0456;10.1274
10.8460;10.1392
10.6567;10.2039
10.4915;10.3166
10.3624;10.4694
10.2786;10.6510
10.2463;10.8484
10.2678;11.0472
10.3415;11.2331
10.4621;11.3927
10.6209;11.5143
10.8063;11.5892
11.0050;11.6119
11.2026;11.5808
11.3848;11.4982
11.5383;11.3701
11.6521;11.2056
11.7179;11.0168
11.7311;10.8172
11.6905;10.6213
11.5992;10.4434
11.4638;10.2962
11.2940;10.1905
11.1022;10.1339
10.9022;10.1304
10.7086;10.1804
10.5352;10.2802
10.3948;10.4225
10.2974;10.5972
10.2500;10.7915
10.2562;10.9914
10.3155;11.1825
10.4235;11.3508
10.5725;11.4842
10.7517;11.5730
10.9481;11.6109
11.1475;11.5951
11.3354;11.5267
11.4983;11.4106
11.6244;11.2553
11.7045;11.0721
11.7328;10.8741
11.7074;10.6757
11.6300;10.4913
11.5062;10.3342
11.3450;10.2158
11.1581;10.1446
10.9590;10.1259
10.7621;10.1609
10.5816;10.2471
10.4307;10.3783
10.3202;10.5450
10.2581;10.7352
10.2490;10.9350
10.2935;11.1299
10.3883;11.3060
10.5267;11.4505
10.6985;11.5528
10.8914;11.6056
11.0914;11.6050
11.2841;11.5513
11.4554;11.4482
11.5931;11.3031
11.6871;11.1266
11.7306;10.9314
11.7206;10.7316
11.6576;10.5418
11.5464;10.3756
11.3948;10.2451
11.2139;10.1598
11.0169;10.1257
10.8178;10.1454
10.6313;10.2174
10.4706;10.3366
10.3476;10.4943
10.2711;10.6791
10.2466;10.8775
10.2758;11.0754
10.3568;11.2583
10.4836;11.4129
10.6470;11.5282
10.8353;11.5957
11.0347;11.6106
11.2309;11.5718
11.4097;11.4821
11.5581;11.3480
11.6653;11.1792
11.7237;10.9879
11.7289;10.7880
11.6807;10.5939
11.5825;10.4197
11.4413;10.2779
11.2675;10.1790
11.0736;10.1299
10.8737;10.1343
10.6822;10.1919
10.5129;10.2984
10.3781;10.4462
10.2877;10.6246
10.2480;10.8206
10.2621;11.0201
10.3288;11.2087
10.4434;11.3726
10.5976;11.5000
10.7801;11.5818
10.9778;11.6119
11.1764;11.5882
11.3615;11.5125
11.5197;11.3901
11.6396;11.2300
11.7124;11.0437
11.7329;10.8448
11.6997;10.6476
11.6151;10.4663
11.4852;10.3142
11.3195;10.2023
11.1299;10.1385
10.9302;10.1276
10.7349;10.1703
10.5579;10.2636
10.4123;10.4006
10.3084;10.5716
10.2539;10.7640
10.2526;10.9640
10.3048;11.1571
10.4065;11.3293
10.5504;11.4682
10.7261;11.5636
10.9210;11.6088
11.1208;11.6004
11.3111;11.5391
11.4783;11.4292
11.6101;11.2788
11.6970;11.0987
11.7328;10.9019
11.7148;10.7027
11.6444;10.5155
11.5266;10.3539
11.3700;10.2295
11.1859;10.1514
10.9876;10.1252
10.7895;10.1527
10.6059;10.2321
10.4502;10.3576
10.3335;10.5200
10.2643;10.7077
10.2477;10.9070
10.2848;11.1035
10.3730;11.2830
10.5058;11.4326
10.6737;11.5413
10.8645;11.6013
11.0644;11.6082
11.2589;11.5617
11.4339;11.4650
11.5769;11.3251
11.6773;11.1521
11.7281;10.9587
11.7254;10.7587
11.6695;10.5667
11.5644;10.3965
11.4178;10.2605
11.2402;10.1685
11.0445;10.1271
10.8449;10.1395
10.6558;10.2046
10.4909;10.3177
10.3621;10.4708
10.2788;10.6526
10.2470;10.8501
10.2689;11.0488
10.3431;11.2346
10.4641;11.3938
10.6232;11.5151
10.8088;11.5895
11.0075;11.6118
11.2050;11.5802
11.3870;11.4972
11.5402;11.3686
11.6536;11.2039
11.7190;11.0149
11.7316;10.8153
11.6906;10.6195
11.5989;10.4418
11.4631;10.2950
11.2930;10.1897
11.1011;10.1335
10.9011;10.1305
10.7076;10.1809
10.5345;10.2812
10.3944;10.4239
10.2974;10.5988
10.2506;10.7932
10.2572;10.9931
10.3170;11.1840
10.4254;11.3520
10.5747;11.4851
10.7541;11.5735
10.9506;11.6109
11.1499;11.5946
11.3377;11.5257
11.5003;11.4093
11.6260;11.2537
11.7057;11.0702
11.7335;10.8722
11.7076;10.6739
11.6297;10.4897
11.5056;10.3329
11.3441;10.2148
11.1570;10.1441
10.9579;10.1259
10.7610;10.1613
10.5808;10.2480
10.4302;10.3796
10.3201;10.5466
10.2585;10.7368
10.2499;10.9366
10.2948;11.1315
10.3901;11.3074
10.5288;11.4515
10.7009;11.5534
10.8939;11.6057
11.0939;11.6047
11.2864;11.5505
11.4575;11.4469
11.5948;11.3015
11.6884;11.1247
11.7315;10.9294
11.7209;10.7297
11.6575;10.5400
11.5458;10.3741
11.3939;10.2440
11.2128;10.1591
11.0156;10.1255
10.8167;10.1457
10.6303;10.2182
10.4700;10.3378
10.3473;10.4958
10.2712;10.6808
10.2472;10.8793
10.2770;11.0771
10.3584;11.2598
10.4856;11.4141
10.6493;11.5290
10.8378;11.5960
11.0372;11.6104
11.2333;11.5711
11.4119;11.4810
11.5599;11.3465
11.6667;11.1774
11.7246;10.9860
11.7294;10.7860
11.6806;10.5921
11.5820;10.4181
11.4405;10.2767
11.2665;10.1782
11.0724;10.1296
10.8725;10.1345
10.6811;10.1926
10.5121;10.2995
10.3777;10.4477
10.2877;10.6263
10.2486;10.8224
10.2631;11.0219
10.3303;11.2102
10.4453;11.3739
10.5998;11.5009
10.7825;11.5822
10.9803;11.6118
11.1789;11.5877
11.3638;11.5114
11.5216;11.3887
11.6411;11.2283
11.7135;11.0418
11.7335;10.8428
11.6998;10.6457
11.6147;10.4647
11.4845;10.3129
11.3185;10.2013
11.1288;10.1381
10.9290;10.1276
10.7337;10.1709
10.5571;10.2646
10.4117;10.4020
10.3083;10.5732
10.2543;10.7657
10.2535;10.9657
10.3061;11.1587
10.4083;11.3306
10.5525;11.4692
10.7285;11.5642
10.9235;11.6089
11.1233;11.6000
11.3135;11.5381
11.4803;11.4278
11.6117;11.2770
11.6981;11.0966
11.7333;10.8998
11.7148;10.7006
11.6438;10.5136
11.5255;10.3523
11.3686;10.2284
11.1843;10.1508
10.9859;10.1251
10.7879;10.1532
10.6046;10.2332
10.4492;10.3590
10.3329;10.5218
10.2643;10.7097
10.2483;10.9090
10.2859;11.1054
10.3746;11.2847
10.5078;11.4339
10.6760;11.5421
10.8670;11.6016
11.0669;11.6080
11.2612;11.5609
11.4360;11.4636
11.5786;11.3233
11.6785;11.1501
11.7287;10.9565
11.7255;10.7565
11.6690;10.5647
11.5635;10.3948
11.4165;10.2592
11.2386;10.1677
11.0428;10.1269
10.8432;10.1398
10.6543;10.2055
10.4897;10.3191
10.3614;10.4725
10.2786;10.6546
10.2473;10.8521
10.2698;11.0508
10.3445;11.2364
10.4660;11.3953
10.6254;11.5160
10.8112;11.5900
11.0101;11.6116
11.2075;11.5796
11.3892;11.4960
11.5420;11.3670
11.6550;11.2020
11.7198;11.0128
11.7319;10.8131
11.6903;10.6175
11.5981;10.4400
11.4619;10.2936
11.2915;10.1888
11.0994;10.1331
10.8994;10.1307
10.7061;10.1817
10.5333;10.2824
10.3936;10.4255
10.2971;10.6007
10.2508;10.7953
10.2580;10.9951
10.3183;11.1858
10.4272;11.3536
10.5769;11.4862
10.7565;11.5741
10.9531;11.6110
11.1524;11.5941
11.3400;11.5247
11.5023;11.4078
11.6275;11.2518
11.7066;11.0682
11.7340;10.8700
11.7075;10.6718
11.6291;10.4878
11.5045;10.3314
11.3427;10.2138
11.1554;10.1436
10.9562;10.1259
10.7595;10.1619
10.5795;10.2491
10.4292;10.3811
10.3196;10.5484
10.2585;10.7388
10.2505;10.9387
10.2960;11.1334
10.3917;11.3090
10.5308;11.4527
10.7032;11.5541
10.8964;11.6059
11.0964;11.6043
11.2888;11.5496
11.4596;11.4455
11.5965;11.2997
11.6895;11.1227
11.7320;10.9273
11.7209;10.7276
11.6569;10.5381
11.5448;10.3725
11.3925;10.2428
11.2112;10.1584
11.0139;10.1254
10.8150;10.1462
10.6288;10.2192
10.4689;10.3392
10.3467;10.4976
10.2711;10.6827
10.2477;10.8814
10.2780;11.0790
10.3599;11.2615
10.4876;11.4155
10.6516;11.5299
10.8402;11.5964
11.0398;11.6102
11.2357;11.5704
11.4140;11.4797
11.5617;11.3448
11.6680;11.1754
11.7253;10.9838
11.7295;10.7839
11.6803;10.5900
11.5811;10.4164
11.4392;10.2754
11.2649;10.1773
11.0707;10.1293
10.8708;10.1348
10.6796;10.1934
10.5109;10.3008
10.3769;10.4493
10.2874;10.6282
10.2488;10.8244
10.2640;11.0239
10.3317;11.2120
10.4472;11.3753
10.6020;11.5020
10.7850;11.5827
10.9828;11.6118
11.1813;11.5871
11.3660;11.5103
11.5235;11.3871
11.6425;11.2264
11.7144;11.0397
11.7338;10.8407
11.6995;10.6436
11.6140;10.4628
11.4833;10.3114
11.3170;10.2003
11.1271;10.1376
10.9273;10.1278
10.7322;10.1715
10.5557;10.2657
10.4108;10.4036
10.3079;10.5750
10.2544;10.7678
10.2542;10.9678
10.3073;11.1606
10.4100;11.3322
10.5546;11.4703
10.7309;11.5649
10.9260;11.6090
11.1257;11.5995
11.3158;11.5371
11.4823;11.4263
11.6132;11.2752
11.6991;11.0946
11.7338;10.8976
11.7147;10.6985
11.6432;10.5117
11.5245;10.3508
11.3672;10.2273
11.1826;10.1502
10.9842;10.1251
10.7863;10.1538
10.6032;10.2342
10.4481;10.3605
10.3324;10.5236
10.2643;10.7117
10.2488;10.9111
10.2870;11.1074
10.3762;11.2864
10.5098;11.4352
10.6783;11.5429
10.8695;11.6018
11.0694;11.6077
11.2636;11.5600
11.4381;11.4623
11.5803;11.3216
11.6797;11.1481
11.7294;10.9544
11.7256;10.7544
11.6686;10.5627
11.5625;10.3931
11.4151;10.2579
11.2370;10.1669
11.0411;10.1267
10.8416;10.1402
10.6528;10.2064
10.4886;10.3205
10.3607;10.4742
10.2784;10.6565
10.2477;10.8541
10.2708;11.0528
10.3460;11.2381
10.4679;11.3967
10.6276;11.5170
10.8137;11.5904
11.0126;11.6115
11.2099;11.5789
11.3913;11.4948
11.5438;11.3654
11.6563;11.2000
11.7206;11.0106
11.7321;10.8110
11.6900;10.6155
11.5972;10.4383
11.4606;10.2922
11.2900;10.1878
11.0977;10.1327
10.8978;10.1309
10.7045;10.1824
10.5320;10.2836
10.3927;10.4271
10.2967;10.6026
10.2510;10.7973
10.2588;10.9971
10.3196;11.1877
10.4290;11.3551
10.5791;11.4873
10.7589;11.5747
10.9556;11.6110
11.1549;11.5935
11.3422;11.5236
11.5042;11.4063
11.6290;11.2500
11.7076;11.0661
11.7344;10.8679
11.7073;10.6697
11.6284;10.4859
11.5034;10.3298
11.3412;10.2127
11.1537;10.1431
10.9545;10.1259
10.7579;10.1625
10.5781;10.2502
10.4282;10.3826
10.3191;10.5502
10.2586;10.7409
10.2511;10.9407
10.2971;11.1353
10.3934;11.3107
10.5329;11.4540
10.7056;11.5549
10.8989;11.6061
11.0989;11.6040
11.2911;11.5487
11.4616;11.4441
11.5981;11.2979
11.6906;11.1206
11.7326;10.9251
11.7208;10.7254
11.6563;10.5361
11.5437;10.3709
11.3911;10.2416
11.2095;10.1577
11.0122;10.1253
10.8133;10.1466
10.6273;10.2202
10.4677;10.3407
10.3460;10.4994
10.2709;10.6848
10.2481;10.8835
10.2790;11.0811
10.3615;11.2633
10.4895;11.4169
10.6539;11.5308
10.8427;11.5968
11.0423;11.6100
11.2381;11.5696
11.4161;11.4784
11.5634;11.3431
11.6693;11.1734
11.7260;10.9817
11.7296;10.7817
11.6798;10.5880
11.5801;10.4146
11.4379;10.2740
11.2633;10.1765
11.0690;10.1290
10.8691;10.1351
10.6780;10.1942
10.5096;10.3022
10.3761;10.4511
10.2871;10.6302
10.2491;10.8265
10.2648;11.0259
10.3331;11.2139
10.4490;11.3769
10.6042;11.5030
10.7874;11.5833
10.9853;11.6118
11.1837;11.5865
11.3682;11.5092
11.5254;11.3855
11.6439;11.2244
11.7152;11.0376
11.7341;10.8385
11.6993;10.6415
11.6132;10.4610
11.4820;10.3100
11.3154;10.1994
11.1253;10.1372
10.9255;10.1279
10.7305;10.1722
10.5544;10.2669
10.4099;10.4052
10.3074;10.5770
10.2545;10.7698
10.2549;10.9698
10.3086;11.1625
10.4117;11.3339
10.5567;11.4715
10.7333;11.5656
10.9285;11.6091
11.1282;11.5991
11.3180;11.5361
11.4842;11.4249
11.6148;11.2733
11.7001;11.0925
11.7342;10.8954
11.7145;10.6964
11.6425;10.5098
11.5233;10.3492
11.3657;10.2261
11.1809;10.1496
10.9824;10.1250
10.7846;10.1543
10.6017;10.2353
10.4470;10.3620
10.3317;10.5255
10.2642;10.7137
10.2493;10.9132
10.2881;11.1094
10.3777;11.2881
10.5118;11.4365
10.6807;11.5438
10.8719;11.6021
11.0719;11.6074
11.2660;11.5592
11.4402;11.4610
11.5819;11.3199
11.6809;11.1461
11.7300;10.9522
11.7256;10.7522
11.6680;10.5607
11.5615;10.3914
11.4137;10.2567
11.2354;10.1662
11.0393;10.1265
10.8398;10.1406
10.6513;10.2073
10.4874;10.3219
10.3599;10.4760
10.2781;10.6585
10.2480;10.8562
10.2717;11.0548
10.3474;11.2399
10.4698;11.3981
10.6299;11.5180
10.8161;11.5909
11.0151;11.6114
11.2123;11.5782
11.3935;11.4936
11.5456;11.3637
11.6576;11.1980
11.7214;11.0085
11.7323;10.8088
11.6896;10.6134
11.5964;10.4365
11.4593;10.2908
11.2884;10.1869
11.0960;10.1324
10.8960;10.1311
10.7029;10.1832
10.5307;10.2849
10.3918;10.4288
10.2963;10.6045
10.2511;10.7994
10.2595;10.9992
10.3209;11.1896
10.4308;11.3567
10.5812;11.4884
10.7613;11.5753
10.9581;11.6110
11.1573;11.5930
11.3445;11.5225
11.5061;11.4047
11.6304;11.2481
11.7085;11.0639
11.7347;10.8657
11.7071;10.6676
11.6277;10.4840
11.5022;10.3283
11.3397;10.2117
11.1520;10.1426
10.9527;10.1260
10.7562;10.1631
10.5767;10.2514
10.4272;10.3842
10.3185;10.5521
10.2586;10.7429
10.2516;10.9428
10.2983;11.1373
10.3950;11.3123
10.5350;11.4552
10.7079;11.5557
10.9014;11.6063
11.1014;11.6036
11.2934;11.5477
11.4636;11.4427
11.5996;11.2961
11.6917;11.1185
11.7330;10.9228
11.7207;10.7232
11.6557;10.5341
11.5425;10.3692
11.3895;10.2404
11.2077;10.1570
11.0103;10.1252
10.8115;10.1471
10.6257;10.2212
10.4664;10.3422
10.3452;10.5012
10.2707;10.6869
10.2484;10.8856
10.2799;11.0831
10.3629;11.2651
10.4915;11.4183
10.6562;11.5318
10.8452;11.5972
11.0448;11.6098
11.2405;11.5688
11.4183;11.4771
11.5651;11.3414
11.6705;11.1714
11.7267;10.9794
11.7297;10.7795
11.6793;10.5859
11.5791;10.4128
11.4364;10.2727
11.2615;10.1757
11.0671;10.1288
10.8672;10.1354
10.6763;10.1951
10.5083;10.3035
10.3752;10.4528
10.2867;10.6322
10.2493;10.8287
10.2656;11.0280
10.3344;11.2158
10.4508;11.3784
10.6064;11.5041
10.7898;11.5838
10.9879;11.6117
11.1862;11.5858
11.3704;11.5080
11.5272;11.3839
11.6453;11.2224
11.7160;11.0354
11.7343;10.8362
11.6989;10.6394
11.6123;10.4591
11.4807;10.3085
11.3138;10.1984
11.1235;10.1367
10.9237;10.1280
10.7288;10.1730
10.5529;10.2682
10.4088;10.4069
10.3069;10.5789
10.2545;10.7720
10.2555;10.9720
10.3097;11.1645
10.4134;11.3355
10.5588;11.4728
10.7356;11.5663
10.9310;11.6093
11.1307;11.5986
11.3203;11.5351
11.4862;11.4234
11.6163;11.2714
11.7011;11.0903
11.7346;10.8932
11.7143;10.6942
11.6418;10.5078
11.5221;10.3475
11.3641;10.2250
11.1791;10.1490
10.9805;10.1250
10.7828;10.1549
10.6001;10.2364
10.4458;10.3636
10.3310;10.5274
10.2640;10.7158
10.2497;10.9153
10.2891;11.1114
10.3793;11.2899
10.5138;11.4379
10.6830;11.5446
10.8744;11.6024
11.0744;11.6071
11.2683;11.5583
11.4423;11.4596
11.5836;11.3181
11.6820;11.1440
11.7305;10.9500
11.7256;10.7500
11.6674;10.5586
11.5604;10.3897
11.4122;10.2554
11.2336;10.1654
11.0375;10.1263
10.8380;10.1410
10.6497;10.2083
10.4861;10.3233
10.3591;10.4778
10.2778;10.6606
10.2483;10.8584
10.2725;11.0569
10.3488;11.2418
10.4717;11.3996
10.6321;11.5190
10.8186;11.5913
11.0176;11.6113
11.2147;11.5775
11.3957;11.4923
11.5474;11.3621
11.6589;11.1960
11.7221;11.0063
11.7325;10.8065
11.6892;10.6113
11.5954;10.4346
11.4579;10.2894
11.2867;10.1860
11.0941;10.1320
10.8941;10.1314
10.7012;10.1840
10.5293;10.2862
10.3908;10.4305
10.2958;10.6066
10.2512;10.8015
10.2602;11.0013
10.3221;11.1915
10.4325;11.3583
10.5834;11.4896
10.7638;11.5760
10.9606;11.6111
11.1598;11.5925
11.3467;11.5214
11.5080;11.4031
11.6319;11.2461
11.7094;11.0618
11.7350;10.8634
11.7068;10.6654
11.6268;10.4821
11.5009;10.3268
11.3381;10.2106
11.1502;10.1420
10.9508;10.1261
10.7544;10.1638
10.5752;10.2525
10.4261;10.3858
10.3179;10.5541
10.2585;10.7450
10.2522;10.9449
10.2994;11.1393
10.3967;11.3140
10.5370;11.4565
10.7103;11.5564
10.9039;11.6065
11.1039;11.6032
11.2957;11.5468
11.4656;11.4412
11.6012;11.2942
11.6927;11.1164
11.7334;10.9205
11.7205;10.7210
11.6549;10.5320
11.5413;10.3675
11.3879;10.2391
11.2058;10.1563
11.0083;10.1251
10.8095;10.1476
10.6240;10.2223
10.4651;10.3438
10.3443;10.5032
10.2704;10.6890
10.2487;10.8878
10.2808;11.0852
10.3644;11.2669
10.4934;11.4198
10.6584;11.5327
10.8476;11.5976
11.0473;11.6096
11.2429;11.5680
11.4204;11.4758
11.5668;11.3396
11.6716;11.1693
11.7273;10.9772
11.7297;10.7772
11.6787;10.5838
11.5780;10.4110
11.4348;10.2713
11.2597;10.1748
11.0651;10.1285
10.8652;10.1358
10.6745;10.1960
10.5068;10.3050
10.3742;10.4547
10.2863;10.6343
10.2494;10.8309
10.2663;11.0302
10.3357;11.2177
10.4526;11.3800
10.6086;11.5053
10.7922;11.5844
10.9904;11.6117
11.1886;11.5852
11.3726;11.5068
11.5290;11.3822
11.6466;11.2204
11.7168;11.0331
11.7345;10.8339
11.6984;10.6372
11.6113;10.4572
11.4792;10.3069
11.3120;10.1973
11.1215;10.1363
10.9217;10.1282
10.7269;10.1737
10.5513;10.2695
10.4076;10.4086
10.3062;10.5810
10.2545;10.7742
10.2560;10.9742
10.3109;11.1665
10.4150;11.3372
10.5609;11.4741
10.7380;11.5670
10.9335;11.6094
11.1332;11.5982
11.3226;11.5341
11.4881;11.4218
11.6177;11.2695
11.7020;11.0881
11.7349;10.8909
11.7141;10.6919
11.6409;10.5058
11.5208;10.3459
11.3624;10.2238
11.1772;10.1484
10.9785;10.1250
10.7809;10.1555
10.5985;10.2375
10.4445;10.3652
10.3302;10.5294
10.2638;10.7180
10.2501;10.9175
10.2901;11.1135
10.3808;11.2917
10.5158;11.4393
10.6853;11.5455
10.8769;11.6028
11.0769;11.6068
11.2707;11.5574
11.4443;11.4582
11.5852;11.3162
11.6831;11.1418
11.7310;10.9477
11.7254;10.7477
11.6668;10.5565
11.5592;10.3879
11.4106;10.2541
11.2317;10.1646
11.0355;10.1262
10.8360;10.1414
10.6479;10.2093
10.4847;10.3248
10.3581;10.4797
10.2775;10.6627
10.2485;10.8606
10.2734;11.0591
10.3502;11.2437
10.4735;11.4012
10.6343;11.5201
10.8210;11.5918
11.0201;11.6112
11.2171;11.5768
11.3978;11.4911
11.5492;11.3603
11.6602;11.1939
11.7228;11.0040
11.7325;10.8042
11.6886;10.6091
11.5943;10.4327
11.4564;10.2879
11.2849;10.1851
11.0921;10.1317
10.8921;10.1316
10.6993;10.1849
10.5277;10.2876
10.3897;10.4323
10.2953;10.6086
